product_name, shipping
GIGABYTE Geforce RTX 2060 OC 6G Graphics Card| 2 x WINDFORCE Fans| 6GB 192-Bit GDDR6| GV-N2060OC-6GD Video Card,Free Shipping
ASUS GeForce RTX 2060 Overclocked 6G GDDR6 Dual-Fan EVO Edition VR Ready HDMI DisplayPort DVI Graphics Card (DUAL-RTX2060-O6G-EVO),Free Shipping
MSI Ventus GeForce GTX 1650 4GB GDDR6 PCI Express 3.0 x16 Video Card GTX 1650 D6 Ventus XS OC,$39.99 Shipping
MSI GeForce GTX 1650 D6 VENTUS XS OCV1 Graphics Card| PCI-E| VR & 4K HDR Ready Video Card,$39.99 Shipping
ASUS ROG STRIX Radeon RX 6700 XT OC Edition Gaming Graphics Card (AMD RDNA 2| PCIe 4.0| 12GB GDDR6| HDMI 2.1| DisplayPort 1.4a| Axial-tech Fan Design| 2.9-slot| Super Alloy Power II| GPU Tweak II),Free Shipping
ASUS Cerberus GeForce GTX 1050 Ti 4GB GDDR5 Gaming Graphics Card| CERBERUS-GTX1050TI-A4G,Special Shipping
GIGABYTE GeForce GTX 1660 OC 6G Graphics Card| 2 x WINDFORCE Fans| 6GB 192-Bit GDDR5| GV-N1660OC-6GD Video Card,$79.99 Shipping
GIGABYTE GeForce RTX 2060 OC GG Graphics Card| 2X Windforce Fans| 6GB 192-bit GDDR6| Gv-N2060OC-6GD REV2.0 Video Card,Free Shipping
ASUS TUF Gaming Radeon RX 6700 XT OC Edition Graphics Card (AMD RDNA 2| PCIe 4.0| 12GB GDDR6| HDMI 2.1| DisplayPort 1.4a| Dual Ball Fan Bearings| All-aluminum Shroud| Reinforced Frame| GPU Tweak II),Free Shipping
ASUS GeForce GT 1030 2GB Phoenix Fan OC Edition HDMI DVI Graphics Card (PH-GT1030-O2G),$8.99 Shipping
GIGABYTE Geforce RTX 2060 OC 6G Graphics Card| 2 x WINDFORCE Fans| 6GB 192-Bit GDDR6| GV-N2060OC-6GD Video Card,$79.99 Shipping
GeForce GTX 1050 Ti |4GB GDDR5 DisplayPort 128-bit Gaming Graphic Card phics Card|Low Noise Video Memory Card|Compatible with Interface for HDMI/VGA/DVI/PCI-E|640 Core 900MHz Frequency,Free Shipping
GIGABYTE GeForce GTX 1660 OC 6G Graphics Card| 2 x WINDFORCE Fans| 6GB 192-Bit GDDR5| GV-N1660OC-6GD Video Card,$79.99 Shipping
GPVHOSO Nvidia GeForce GTX 1050 Ti Graphics Card| 1752MHz| 4GB 128-Bit GDDR5 PCI Express 3.0 x 16| DP/HDMI/DVI-D Tri-ports| G-Sync| 8K| GPU Boost| Computer GPU| Desktop Gaming Video Card,Free Shipping
ASUS TUF Gaming GeForce GTX 1650 SUPER Overclocked 4GB Edition HDMI DP DVI Gaming Graphics Card (TUF-GTX1650S-O4G-GAMING),Free Shipping
ASUS TUF Gaming GeForce GTX 1660 SUPER Overclocked 6GB Edition HDMI DP DVI Gaming Graphics Card (TUF-GTX1660S-O6G-GAMING),Free Shipping
Sapphire NITRO+ AMD RADEON RX 6900 XT SE GAMING OC Graphics Card With 16GB GDDR6 HDMI / TRIPLE DP,Free Shipping
GIGABYTE GeForce GTX 1660 Ti OC 6G Graphics Card| 2 x WINDFORCE Fans| 6GB 192-Bit GDDR6| GV-N166TOC-6GD Video Card,$40.00 Shipping
GPVHOSO AMD Radeon RX 560 Graphics Card| 1150MHz| 4GB 128-Bit GDDR5 PCI Express 3.0 x 8| DP/HDMI/DVI-D Tri-Ports| 4K Output| DirectX 12| OpenGL 4.5| Computer GPU| Desktop Gaming Video Card,Free Shipping
GTX 1060 3GB DirectX 11 GDDR5 128-bit PCI Express 2.0 x16 Gaming Graphic Card phics Card|Low Noise Video Memory Card|Compatible with Interface for HDMI/VGA/DVI/PCI-E|400 Core 900MHz Frequency,Free Shipping
GPVHOSO AMD Radeon RX 550 Graphics Card| 1183MHz| 4GB 128-Bit GDDR5 PCI Express 3.0 x 8| DP/HDMI/DVI-D Tri-ports| 4K Output| DirectX 12| OpenGL 4.5| Computer GPU| Desktop Gaming Video Card,Special Shipping
ASRock Radeon RX 6700 XT Phantom Gaming D Graphic Card| 12GB GDDR6 VRAM| AMD RDNA2 (RX6700XT PGD 12GO),Free Shipping
GIGABYTE GeForce GTX 1650 SUPER WINDFORCE OC 4G Graphics Card| 2 x WINDFORCE Fans| 4GB 128-Bit GDDR6| GV-N165SWF2OC-4GD Video Card,Free Shipping
GIGABYTE AORUS Radeon RX 6700 XT ELITE 12G Graphics Card| WINDFORCE 3X Cooling System| 12GB 192-bit GDDR6| GV-R67XTAORUS E-12GD Video Card,Free Shipping
ASUS GeForce RTX 2060 DUAL EVO 6 GB GDDR6 Graphics Card (DUAL-RTX2060-6G-EVO),$40.00 Shipping
GIGABYTE Geforce RTX 2060 OC 6G Graphics Card| 2 x WINDFORCE Fans| 6GB 192-Bit GDDR6| GV-N2060OC-6GD Video Card,$40.00 Shipping
GIGABYTE Radeon RX 5500 XT OC 4G (rev. 2.0) Graphics Card| PCIe 4.0| 4GB 128-Bit GDDR6| GV-R55XTOC-4GD Video Card,Free Shipping
GIGABYTE Radeon RX 6700 XT GAMING OC 12G Graphics Card| WINDFORCE 3X Cooling System| 12GB 192-bit GDDR6| GV-R67XTGAMING OC-12GD Video Card,Free Shipping
ASUS Turbo GeForce RTX 2060 6GB GDDR6 PCI Express 3.0 Video Card TURBO-RTX2060-6G,$40.00 Shipping
PowerColor Red Devil AMD Radeon RX 6900 XT Ultimate Gaming Graphics Card with 16GB GDDR6 Memory| Powered by AMD RDNA 2| HDMI 2.1 (AXRX 6900XTU 16GBD6-3DHE/OC),Free Shipping
MSI GeForce GT 710 2GB DDR3 PCI Express 2.0 Low Profile Video Card GT 710 2GD3 LP,Free Shipping
ASUS DUAL Radeon RX 6700 XT Standard Edition 12GB GDDR6 Gaming Graphics Card (AMD RDNA 2| PCIe 4.0| 12GB GDDR6 Memory| HDMI 2.1| DisplayPort 1.4a| Axial-tech Fan Design| 0dB Technology),Free Shipping
GIGABYTE Radeon RX 6800 XT GAMING OC 16G Graphics Card| WINDFORCE 3X Cooling System| 16GB 256-bit GDDR6| GV-R68XTGAMING OC-16GD Video Card| Powered by AMD RDNA 2| HDMI 2.1,Free Shipping
ASUS GeForce GTX 1050 Ti 4GB PHOENIX Fan Edition DVI-D HDMI DP 1.4 Gaming Graphics Card (PH-GTX1050Ti-4G),Free Shipping
GIGABYTE GeForce GTX 1660 GAMING OC 6G Graphics Card| 3 x WINDFORCE Fans| 6GB 192-Bit GDDR5| GV-N1660GAMING OC-6GD Video Card,$45.00 Shipping
NVIDIA GeForce GTX 1080 Founders Edition| 8GB GDDR5X PCI Express 3.0 Graphics Card,Free Shipping
ASUS GeForce GTX 1650 SUPER Overclocked 4GB Phoenix Fan Edition HDMI DP DVI Graphics Card (PH-GTX1650S-O4G),Free Shipping
ASRock Radeon RX 6900 XT PHANTOM GAMING D Graphics Card 16GB GDDR6| AMD RDNA2 (RX6900XT PGD 16GO),Free Shipping
ELSA NVIDIA Gaming GeForce Graphics Card GTX 1050Ti DirectX12 4GB 128-Bit GDDR5 DP/HDMI/DVI Interface Video Card Single-fan For Gaming,Free Shipping
MSI Gaming GeForce GTX 1660 SUPER 6GB GDDR6 PCI Express 3.0 x16 Video Card GTX 1660 SUPER GAMING X,Free Shipping
MSI Ventus GeForce GTX 1650 4GB GDDR6 PCI Express 3.0 x16 Video Card GTX 1650 D6 Ventus XS OC,$20.00 Shipping
ASUS TUF Gaming GeForce GTX 1650 4GB GDDR6 PCI Express 3.0 Video Card TUF-GTX1650-O4GD6-P-GAMING,Free Shipping
ZOTAC GAMING GeForce RTX 2060 Twin Fan 6GB GDDR6 192-bit Gaming Graphics Card| Super Compact| IceStorm 2.0| ZT-T20600F-10M,$9.99 Shipping
EVGA GeForce RTX 3070 Ti FTW3 ULTRA GAMING Video Card| 08G-P5-3797-KL| 8GB GDDR6X| iCX3 Technology| ARGB LED| Metal Backplate,$9.99 Shipping
